1,above,trên,"prep, adv",
2,accept,chấp nhận,v,
3,accident,tai nạn,n,
4,accompany, đi kèm,v,
5,action,hành động,n,
6,advertisement,quảng cáo,n,
7,ads (short form),quảng cáo,n,
8,Africa,châu phi,n,
9,afterwards,sau đó,,
10,again,lại,,
11,against,chống lại,,
12,agree,đồng ý,v,
13,allergy ,dị ứng,n,
14,almost,hầu như,,
15,alright,được,,
16,another,1 (cái) khác,,
17,antibiotic,kháng sinh,n,
18,apartment,căn hộ,n,
19,appear,xuất hiện,v,
20,appetizers,món khai vị,n,
21,appointment,buổi hẹn (thường dành cho công việc),n,
22,approach,tiếp cận,v,
23,approximately,xấp xỉ,,
24,assist,trợ giúp,v,
25,avenue,đại lộ,n,
26,back,trở lại. Lưng,"v, n",
27,backpack,ba lô,n,
28,bad,"tệ, dở",adj,
29,bank,ngân hàng,n,
30,basket,rổ,n,
31,basketball,bóng rổ,n,
32,bath,tắm,"v, n",
33,bathroom,phòng tắm,n,
34,batteries,pin,n,
35,beach,pin,n,
36,bean,đậu,n,
37,beard,râu,n,
38,become,"trở nên, trở thành",v,
39,bedroom,phòng ngủ,n,
40,beef,thịt bò,n,
41,before, trước,,
42,begin, bắt đầu,v,
43,belt, thắt lưng,n,
44,beside,bênh cạnh,,
45,bet,đánh cuộc,"v, n",
46,better,tốt hơn,,
47,between,giữa,,
48,bicycle,xe đạp,n,
49,bill, hóa đơn,n,
50,bird,chim,n,
51,bite,cắn,v,
52,blanket,chăn,n,
53,blind,mù,"adj, n",
54,blood,mù,n,
55,blouse,áo cánh,n,
56,boat,thuyền,n,
57,body,thân thể,n,
58,borrow,mượn,v,
59,bottle,chai,n,
60,bowl,"bát, tô",n,
61,bracelet,vòng tay,n,
62,brain,óc,n,
63,bread,bánh mì,n,
64,breakfast,ăn sáng,n,
65,breath,thở,v,
66,bridge,cầu,n,
67,bring,mang,v,
68,broke,"làm vỡ, nghèo","v, adj",
69,buddhist,phật tử,n,
70,build,xây dựng,v,
71,burn,đôt cháy,v,
72,building,tòa nhà,n,
73,busy,bận rộn,adj,
74,butter,bơ,n,
75,cabbage,cái bắp,n,
76,calculator,máy tính bỏ túi,n,
77,come,đi tới,v,
78,cancer,ung thư,n,
79,candle,nến,n,
80,candy ,kẹo,n,
81,card ,thẻ,n,
82,care,sự quan tâm,"v, n",
83,careful,cẩn thận,adj,
84,carpet,thảm,n,
85,capital,thủ đô,n,
86,carry ,mang,v,
87,cash,tiền mặt,n,
88,cassette,cát xét,n,
89,catch,bắt,v,
90,center,trung tâm,n,
91,cents,tiền xu,n,
92,certainly,dĩ nhiên,,
93,chair,ghế,n,
94,chance,cơ hội,n,
95,channel,kênh,n,
96,character,tính tình,n,
97,check,"phiếu tính tiền, phiếu nhà băng",n,
98,choose,chọn,v,
99,christian,thiên chúa giáo,n,
100,clean,"sạch, lau chùi",v,
101,climb,leo trèo,v,
102,close,đóng,v,
103,clothes,quần áo,n,
104,cloudy,có mây,adj,
105,coat,áo choàng,n,
106,cold,lạnh,adj,
107,college,"đại học, cao đẳng",n,
108,comb,lược,n,
109,comfort,"an nhàn, thoải mái","v, n",
110,comfortable,"tiện nghi, thoải mái",adj,
111,common,chung,"adj, n",
112,complain,khiếu nại,"v, n",
113,complete,đầy đủ,,
114,complicated,phức tạp,adj,
115,confirm,xác nhận,v,
116,confused,bối rối,adj,
117,consider,xem xét,v,
118,container,thùng chứa,n,
119,continent,lục địa,n,
120,convenient,tiện lợi,adj,
121,cook,"đầu bếp, nấu ăn","v, n",
122,corn,bắp,n,
123,cord,dây,n,
124,correct,"đúng, sửa",v,
125,cotton,bông,n,
126,couch,"trường kỷ, ghế",n,
127,cough,ho,v,
128,count,đếm,v,
129,country,đất nước,n,
130,course,khóa học,n,
131,cover,"che, bao bọc","v, n",
132,cow,bò,n,
133,co-worker,đồng nghiệp,n,
134,crash,"đâm, đụng",v,
135,create,tạo ra,v,
136,crowd,đám đông,n,
137,custom,phong tục,n,
138,customer,khách hàng,n,
139,cut,cắt,v,
140,dance,"khiêu vũ, nhảy",v,
141,dangerous,nguy hiểm,adj,
142,dark,tối,adj,
143,decide,quyết đinh,v,
144,dead,chết,"adj, n",
145,deep,sâu,adj,
146,definitely,dứt khoát,,
147,degree,"độ, bằng cấp",n,
148,delete,xóa,v,
149,delicous,ngon,adj,
150,deliver,giao hàng,v,
151,dentist,nha sĩ,n,
152,dessert,món tráng miệng,n,
153,detergent,xà bông giặt đồ,n,
154,develop,phát triển,v,
155,dictionary,từ điển,n,
156,different,khác,adj,
157,difficult,khó,adj,
158,dinner,bữa tối,n,
159,dirty,dơ,adj,
160,disappoint,làm thất vọng,v,
161,disappointed,thất vọng,adj,
162,discount,giảm giá,"v, n",
163,disturb,quấy rối,v,
164,divide,chia,v,
165,divorce,ly dị,v,
166,dollar,đô la,n,
167,done,đã làm,,
168,down,xuống,,
169,downstairs,dưới lầu,,
170,downtown,phố,n,
171,drag,"lôi, kéo",v,
172,draw,vẽ,v,
173,dream,mơ,"v, n",
174,dress,"váy đầm, mặc","v, n",
175,drink,"uống, uống rượu","v, n",
176,drunk,say rươu,adj,
177,dry,khô,v,
178,dryer,máy xấy,n,
179,duck,vịt,n,
180,during,trong lúc,,
181,ear,tai,n,
182,earlier,sớm hơn,,
183,early,sớm hơn,,
184,earrings,hoa tai,,
185,east,phía đông,,
186,easy,dễ,adj,
187,eat,ăn,v,
188,effort,nỗ lực,n,
189,egg,trứng,n,
190,electric,điện,n,
191,elevator,thang máy,n,
192,embarrassed,lúng túng,adj,
193,embassy,đại sứ quán,n,
194,employee,nhân viên,n,
195,empty,trống rỗng,adj,
196,enough,đủ,adj,
197,enter,đi vào,v,
198,entrance,lối vào,n,
199,envelope,phong bì,n,
200,equal,bằng,"adj, v, n",
201,europe,châu âu,n,
202,evening,buổi tối,n,
203,every,mỗi,,
204,everybody,mọi người,,
205,everyday,mỗi ngày,,
206,everything,mọi thứ,,
207,example,thí dụ,n,
208,excellent,xuất sắc,adj,
209,except,ngoại trừ,v,
210,excuse,lời xin lỗi,"v, n",
211,exercise,bài tập,"v, n",
212,exit,lối ra,"v, n",
213,expensive,đắt,adj,
214,expert,chuyên gia,n,
215,extremly,cực kỳ,,
216,face,mặt,n,
217,fact,sự thật,n,
218,factory,xưởng,n,
219,fake,giả mạo,"adj, v, n",
220,fail,rơi,v,
221,family,gia đình,n,
222,famous,nổi tiếng,adj,
223,far,xa,adj,
224,farm,nông trại,n,
225,fashion,thời trang,n,
226,fat,"mập, mỡ","adj, n",
227,february,tháng hai,n,
228,feed,cho ăn,v,
229,feel,cảm thấy,v,
230,fever,sốt,n,
231,field,cánh đồng,n,
232,find,tìm thấy,v,
233,fight,"chiến đấu, đánh","v, n",
234,finish,kết thúc,"v, n",
235,fire,"lửa, bắn","v, n",
236,fish,"cá, câu cá","v, n",
237,finger,ngón tay,n,
238,fit,vừa,v,
239,fix,sửa,v,
240,flag,lá cờ,n,
241,flat,phẳng,adj,
242,flight,chuyến bay,n,
243,floor,sàn nhà,n,
244,flower,hoa,n,
245,fluent,trôi chảy,adj,
246,fly,bay,v,
247,fog,sương mù,n,
248,food,thức ăn,n,
249,fool,người ngu,"adj, n",
250,foot,bàn chân,n,
251,foreign,nước ngoài,n,
252,forget,quên,v,
253,fork,nĩa,n,
254,forward,phía trước,,
255,france,nước pháp,n,
256,free,rảnh,adj,
257,free-time,thời gian rảnh,n,
258,Friday,thứ sáu,n,
259,fried,đồ chiên,adj,
260,from,từ (nơi nào đó),,
261,front,phía trước,"adj, n",
262,fruit,trái cây,n,
263,fry,chiên,v,
264,full,đầy,adj,
265,funny,khôi hài,adj,
266,future,tương lai,n,
267,game,trò chơi,n,
268,garbage,rác,n,
269,garden,vườn,n,
270,gas,xăng,n,
271,generally,"chung, tổng quát",adv,
272,germany,nước đức,n,
273,get,lấy,verb,
274,gift,món quà,n,
275,girl,cô gái,n,
276,give,cho,verb,
277,glad,vui lòng,adj,
278,glass,"thủy tinh, ly",n,
279,glove,găng tay,n,
280,go,đi,verb,
281,goal,mục tiêu,n,
282,goat,con dê,noun,
283,gold,vàng,noun,
284,good,tốt,adj,
285,goodbye,tạm biệt,verb,
286,government,chính phủ,noun,
287,grade,"mức, độ, điểm","noun, verb",
288,graduate,tốt nghiệp,verb,
289,grandfather,ông nội,noun,
290,grass,cỏ,noun,
291,grateful,biết ơn,adj,
292,gray,xám,noun,
293,green,xanh lục,noun,
294,ground,mặt đất,noun,
295,group,nhóm,noun,
296,grow,mọc,verb,
297,guarantee,bảo đảm,verb,
298,guest,khách mời,noun,
299,gum,kẹo cao su,noun,
300,gun,súng,noun,
301,gym,phòng tập thể dục,noun,
302,hair,"tóc, lông",n,
303,ham,thịt heo,n,
304,hamburger,bánh burger,n,
305,hand,bàn tay,n,
306,happy,"hạnh phúc, vui",adj,
307,hat,mũ,n,
308,have,có,v,
309,head,đầu,n,
310,headache,nhức đầu,n,
311,headphones,tai nghe,n,
312,hear,nghe thấy,v,
313,heart,trái tim,n,
314,heat,"nóng, làm nóng, sưởi","v, n",
315,heavy,nặng,v,
316,help,giúp đỡ,v,
317,here,"ở đây, chổ này",,
318,high,cao,adj,
319,highway,xa lộ,n,
320,hike,đi bộ đường dài,v,
321,hill,đồi,n,
322,history,lịch sử,n,
323,hit,đánh,v,
324,hobby,thú vui,n,
325,hold,"nắm, giữ",v,
326,hole,lỗ,n,
327,home,nhà,n,
328,homework,bài tập về nhà,n,
329,hope,hy vọng,"v, n",
330,horse,ngựa,n,
331,hospital,bệnh viện,n,
332,hot,nóng,adj,
333,hotel,khách sạn,n,
334,hour,giờ,n,
335,house,nhà,n,
336,hug,ôm,v,
337,hungry,đói,adj,
338,hurt,"đau, làm đau","adj, v",
339,husband,chồng,n,
340,ice,nước đá,n,
341,idea,ý tưởng,n,
342,imagine,tưởng tượngg,v,
343,immediately,ngay lập tức,,
344,immigration,di trú,n,
345,immigrant,người di trú,n,
346,important,quan trọng,adj,
347,impossible,không thể,,
348,impressive,ấn tượng,,
349,impress,gây ấn tượng,v,
350,inch,dđơn vị đo inch 1inch = 2.54cm,n,
351,include,bao gồm,v,
352,individual,"cá nhân, cá thể",n,
353,information,thông tin,n,
354,inside,bên trong,,
355,insomnia,chứng mất ngủ,n,
356,insurance,bảo hiểm,n,
357,interesting,thú vị,adj,
358,interupt,chặn ngang,v,
359,introduce,giới thiệu,v,
360,invent,phát minh,v,
361,invention,phát minh,n,
362,iron,sắt,n,
363,island,hòn đảo,n,
364,jail,nhà tù,n,
365,January,tháng 1,n,
366,Japan,nước Nhật,n,
367,Japanese,"người Nhật, thuộc về Nhật",n,
368,jeans,quần jean,n,
369,Jewish,Do Thái,n,
370,job,việc làm,n,
371,joke,đùa,"v, n",
372,July,tháng 7,n,
373,jump,nhảy,v,
374,June,tháng 6,v,
375,just,chỉ,,
376,keep,giữ,v,
377,key,chìa khóa,n,
378,kill,giết,v,
379,kilometer,cây số,n,
380,king,vua,n,
381,kiss,hôn,"v, n",
382,kitchen,bếp,n,
383,knife,dao,n,
384,know,biết,v,
385,knowledge,kiến thức,n,
386,lack,thiếu,,
387,lake,hồ,n,
388,lamp,đèn,n,
389,language,ngôn ngữ,n,
390,laptop,máy tính xách tay,n,
391,large,rộng,adj,
392,last,cuối cùng,,
393,late,trễ,adj,
394,later,sau,,
395,laugh,cười,v,
396,laundromat,tiệm cho thuê máy giặt,n,
397,laundry,đồ cần giặt,n,
398,law,luật,n,
399,lawyer,luật sư,n,
400,lay,đặt (xuống),v,
401,lazy,lười,adj,
402,learn,học,v,
403,leather,da,n,
404,leave,"ra về, đi khỏi",v,
405,leg,chân,n,
406,lend,cho mượn,v,
407,less,ít hơn,,
408,let,cho phép,v,
409,letter,lá thứ,n,
410,library,thư viện,n,
411,license,giấy phép,n,
412,lie,"nằm, nói dối",v,
413,life,cuộc sống,n,
414,light,"đèn, ánh sáng","v, n",
415,liter,1 lít,n,
416,litter,xả rác,v,
417,little,"nhỏ, ít",adj,
418,live,sống,v,
419,lock,khóa,v,
420,long,dài,adj,
421,look,nhìn,v,
422,lose,"thua, mất",,
423,lotion,kem (dưỡng da),n,
424,lots,nhìu,,
425,louder,"to tiếng hơn, to hơn",,
426,love,yêu,"v, n",
427,low,thấp,,
428,luck,may mắn,n,
429,luggage,hành lý,n,
430,lunch,bữa trưa,n,
431,magazine,tạp chí,n,
432,mail,thư,n,
433,major,"chuyên đề, ngành",n,
434,majority,đa số,,
435,make,làm,v,
436,make up,trang điểm,"v, n",
437,male,phái nam,n,
438,mall,khu mua sắm,n,
439,man,"đàn ông, phái nam",n,
440,manager,quản lý,n,
441,many,nhiều,adj,
442,map,bản đồ,n,
443,March,tháng 3,n,
444,market,chợ,n,
445,marry,cưới,v,
446,match,"diêm, trận đấu","v, n",
447,matter,"vấn đề, vật chất",n,
448,May,tháng 5,n,
449,maybe,có lẽ,,
450,mean,"có nghĩa, ăn hiếp","v, adj",
451,meat,thịt,n,
452,meeting,buổi họp,n,
453,meet,gặp,v,
454,menu,thực đơn,n,
455,metal,kim lọai,n,
456,Mexican,người Mexico,n,
457,microphone,micro,n,
458,microwave,lò vi sóng,n,
459,middle,ở giữa,adj,
460,might,có thể,,
461,mile,"dặm, 1mile = 1.6km",n,
462,milk,"vắt sữa, sữa","v, n",
463,mind,tâm trí,n,
464,minute,phút,n,
465,mirror,gương,n,
466,mistake,lỗi,n,
467,modern,hiện đại,adj,
468,money,tiền,n,
469,moon,mặt trăng,n,
470,more,hơn,,
471,most,phần lớn,,
472,motocycle,xe gắn máy,n,
473,mountain,núi,n,
474,mouth,miệng,n,
475,move,di chuyển,"v, n",
476,much,nhiều,,
477,muscle,cơ bắp,n,
478,museum,nhà bảo tàng,n,
479,Muslim,Hồi giáo,n,
480,must,phải,,
481,napkin,khăn ăn,n,
482,narrow,hẹp,adj,
483,natural,tự nhiên,,
484,nature,thiên nhiên,n,
485,near,gần,,
486,nearby,gần đây,,
487,neck,cổ,n,
488,necessary,cần thiết,,
489,necklace,vòng đeo cổ,n,
490,need,cần,"v, n",
491,neighbor,hàng xóm,n,
492,newspaper,tờ báo,n,
493,next,kế tiếp,,
494,nice,tốt,adj,
495,night,đêm,n,
496,nighttime,thời gian giữa đêm,n,
497,noise,tiếng ồn,n,
498,noisy,ồn ào,adj,
499,none,"không ai, không cái nào",,
500,non-smoking,không hút thuốc,,
501,normal,bình thường,,
502,north,phía bắc,,
503,nose,mũi,n,
504,note,ghi chú,"v, n",
505,notebook,vở,n,
506,nothing,không gì,,
507,notice,chú ý,"v, n",
508,noun,danh từ,n,
509,November,tháng 11,n,
510,number,số,n,
511,object,"vật thể, vật",n,
512,occupy,"chiếm, chiếm chổ",v,
513,ocean,biển,n,
514,October,tháng 10,n,
515,odor,mùi,n,
516,office,văn phòng,n,
517,often,thường,,
518,oil,dầu,n,
519,old,già,adj,
520,on,trên,,
521,once,một lần,,
522,only,"chỉ, chỉ một",,
523,open,mở,v,
524,opportunity,cơ hội,n,
525,opposite,"đối diện, trái ngược",,
526,orange,"cam, màu cam, trái cam",n,
527,order,trật tự,"v, n",
528,ordinary,thông thường,n,
529,original,"nguyên thủy, từ đầu",,
530,orphan,trẻ mồ côi,n,
531,other,"khác, cái khác",,
532,outdoors,ngoài trời,,
533,outlet,"chổ bán đồ, lối thông (sông, điện)",,
534,outside,bên ngoài,,
535,over,"phía trên, qua rồi",,
536,package,"gói, thùng hàng",n,
537,page,trang,n,
538,pain,đau,n,
539,paint,vẽ,v,
540,painting,bức tranh,n,
541,pan,cái chảo,n,
542,pants,quần,n,
543,paper,giấy,n,
544,parents,cha mẹ,n,
545,park,"đậu xe, công viên","v, n",
546,part,phần,n,
547,participate,"tham gia, tham dự",v,
548,party,bữa tiệc,n,
549,passport,thông hành,n,
550,password,mật khẩu,n,
551,pattern,mẫu,n,
552,pay,trả tiền,v,
553,payment,thanh toán,n,
554,pen,bút mực,n,
555,pencil,bút chì,n,
556,people,con người,n,
557,pepper,"tiêu, hạt tiêu",n,
558,perhaps,có lẽ,,
559,person,con người,n,
560,pharmacy,nhà thuốc,n,
561,phone,điện thoại,n,
562,photograph,ảnh,n,
563,piece,"miếng, mảnh",n,
564,pig,lợn,n,
565,pillow,gối,n,
566,place,nơi,n,
567,plan,kế hoạch,n,
568,plant,cây,n,
569,plate,đĩa (dựng đồ ăn),n,
570,play,"chơi, vở kịch","v, n",
571,pleasant,dễ chịu,,
572,police,cảnh sát,n,
573,poor,"nghèo, đáng thương","adj, n",
574,popular,"nổi tiếng, phổ biến",adj,
575,pork,thịt heo,n,
576,position,vị trí,n,
577,possible,có thể,,
578,postcard,bưu thiếp,n,
579,pound,đồng bảng Anh,n,
580,power,"sức lực, sức mạnh",n,
581,pratice,thực hành,v,
582,prepare,chuẩn bị,v,
583,present,"hiện tại, món quà","v, n",
584,president,tổng thống,n,
585,press,"nhấn, họp báo",n,
586,pretend,giả bộ,v,
587,pretty,đẹp,adj,
588,previous,trước,,
589,price,"giá, giải thưởng",n,
590,probably,có thể,,
591,problem,vấn đề,n,
592,produce,sản xuẩt,v,
593,product,sản phẩm,n,
594,progress,tiến bộ,"v, n",
595,pronounce,phát âm,v,
596,pronunciation,phát âm,n,
597,protect,bảo vệ,v,
598,protection,sự bảo vệ,n,
599,province,tỉnh,n,
600,psychology,tâm lý,n,
601,pull,"kéo (co, về)",v,
602,purse,ví,n,
603,push,đẩy,v,
604,put,đặt,v,
605,quality,"chất lượng, phẩm chất",,
606,question,câu hỏi,n,
607,quick,nhanh,adj,
608,quickly,nhanh,adv,
609,quiet,yên lặng,adj,
610,radio,ra đi ô,n,
611,rain,"mưa, cơn mưa",v. n,
612,razor,dao cạo,n,
613,read,đọc,"v, n",
614,really,thực sự,,
615,receipt,biên nhận,n,
616,receive,nhận,v,
617,recently,gần đây,,
618,recommend,"đề nghị, gợi ý",v,
619,record,"kỷ lục, ghi lại","v, n",
620,red,đỏ,"adj, n",
621,refrigerator,tủ lạnh,n,
622,regret,tiếc nuối,"v, n",
623,religion,tôn giáo,n,
624,remember,nhớ,v,
625,remind,nhắc lại,v,
626,rent,"thuê, mướn","v, n",
627,repair,sửa,v,
628,repeat,lập lại,v,
629,replace,thay thế,v,
630,replacement,đồ thay thế,n,
631,replay,chơi lại,v,
632,reply,trả lời,"v, n",
633,research,nghiên cứu,"v, n",
634,reserve,dự trữ,v,
635,rest,"nghỉ, phần còn lại","v, n",
636,restaurant,nhà hàng,n,
637,return,"trở về, trở lại","v, n",
638,reverse,đảo ngược,v,
639,review,ôn lại,"v, n",
640,revise,duyệt lại,v,
641,rice,gạo,n,
642,rich,giàu,"adj, n",
643,right,"bên phải, đúng, quyền lợi","adj, n",
644,ring,"nhẫn, nhấn (chuông)","v, n",
645,river,sông,n,
646,road,con đường,n,
647,rock,đá,n,
648,room,phòng,n,
649,rope,dây thừng,n,
650,round,"tròn, lượt","adj, n",
651,rule,"luật, cai trị",n,
652,run,chạy,"v, n",
653,Russia,nước Nga,n,
654,Russian,"tiếng Nga, người Nga",n,
655,sad,"buồn, tồi tệ",adj,
656,safe,an toàn,adj,
657,salad,xà lách,n,
658,salt,muối,n,
659,same,cũng như vậy,,
660,sand,cát,n,
661,sandwich,bánh mì,n,
662,Saturday,thứ 7,n,
663,save,"cứu, lưu lại",v,
664,say,nói,v,
665,scarf,khăn quàng cổ,n,
666,schedule,"thời gian biểu, lịch",n,
667,school,trường,n,
668,scientist,nhà khoa học,n,
669,scissors,cái kéo,n,
670,scold,la mắng,v,
671,score,"điểm số, ghi điểm","v, n",
672,scream,"la hét, thét",v,
673,seafood,hải sản,n,
674,season,mùa,n,
675,seat,chổ ngồi,n,
676,second,"giây, thứ nhì",n,
677,secret,bí mật,n,
678,see,thấy,v,
679,seem,dường như,,
680,sell,bán,v,
681,send,gửi,v,
682,sentence,câu văn,n,
683,separate,"riêng rẽ, chia ra",v,
684,September,tháng 9,n,
685,serious,"nghiêm túc, nghiêm trọng",adj,
686,several,vài,,
687,shampoo,dầu gọi đầu,n,
688,share,"chia xẻ, cổ phần","v, n",
689,shave,cạo râu/lông,v,
690,shirt,áo (sơ mi),n,
691,shoes,giày,n,
692,short,"ngắn, lùn, quần sọt","adj, n",
693,should, nên,,
694,shoulder,bờ vai,n,
695,shout,la lớn,v,
696,show,"buổi biểu diễn, cho xem","v, n",
697,shower,mưa rào,n,
698,shut,đóng,v,
699,sick,ốm,adj,
700,sign,"dấu hiệu, ký tên","v, n",
701,silent,yên lặng,adj,
702,simple,đơn giản,adj,
703,since,kể từ,,
704,sing,hát,v,
705,song,bài hát,n,
706,sister,"chị em gái, nữ tu sĩ",n,
707,situation,tình huống,n,
708,size,cỡ,n,
709,ski,trượt tuyết,v,
710,skill,kỹ năng,n,
711,skin,da,n,
712,skirt,váy,n,
713,sky,trời,n,
714,sleep,ngủ,"v, n",
715,slow,chậm,"adj, v",
716,small,nhỏ,adj,
717,smart,thông minh,adj,
718,smell,"ngửi, mùi","v, n",
719,smile,cười,"v, n",
720,smoke,"khói, hút","v, n",
721,snack,món ăn nhẹ,n,
722,snake,rắn,n,
723,sneeze,hát hơi,v,
724,snow,tuyết,"v, n",
725,soap,xà phòng,n,
726,soccer,bóng đá,n,
727,socks,vớ chân,n,
728,soda,nước xô đa,n,
729,software,phần mềm máy tính,n,
730,solution,giải pháp,n,
731,some,vài,,
732,someday,ngày nào đó,,
733,someone,người nào đó,,
734,something,cái gì đó,,
735,sometimes,thỉnh thoảng,,
736,somehow,bằng cách nào đó,,
737,son,con trai,n,
738,soon,sớm,,
739,sore,"đau, ê",adj,
740,sorry,"xin lỗi, tiếc",adj,
741,so-so,"đại khái, vừa vừa",adj,
742,sound,âm thanh,"v, n",
743,soup,"súp, canh",n,
744,sour,chua,adj,
745,south,phía nam,,
746,speak,"nói, phát biểu","v, n",
747,special,đặt biệt,,
748,spell,"đánh vần, phép thuật","v, n",
749,spend,"xài, tiêu tiền",v,
750,spicy,cay,adj,
751,spoon,muỗng,n,
752,sport,thể thao,n,
753,spring,mùa xuân,n,
754,stairs,bậc thang,n,
755,stamp,con tem,n,
756,stand,"đứng, cái kệ","v, n",
757,standard,tiêu chuẩn,n,
758,stapler,cái bấm đinh,n,
759,star,"ngôi sao, diễn (trong phim nổi tiếng)","v, n",
760,start,bắt đầu,v,
761,station,trạm,n,
762,stay,"ở, cư ngụ","v, n",
763,steak,thịt bít tết,n,
764,steal,ăn cắp,"v, n",
765,steam,"hơi nước, hấp","v, n",
766,still,"tĩnh mịch, đứng yên, tuy nhiên",,
767,stomach,"bụng, dạ dày",n,
768,stop,dừng,"v, n",
769,store,"cửa hàng, lưu lại, cất giữ","v, n",
770,straight,thẳng,adj,
771,strange,lạ,adj,
772,stranger,người lạ,n,
773,street,đường,n,
774,stretch,co duỗi,v,
775,strong,mạnh,adj,
776,student,học sinh,n,
777,study,học sinh,"v, n",
778,stupid,ngu,adj,
779,subtract,"trừ, phép trừ",v,
780,subway,tàu điện ngầm,n,
781,succeed,thành công,v,
782,success,sự thành công,n,
783,sugar,đường ăn,n,
784,suggest,đề nghị,v,
785,suggestion,lời đề nghị,n,
786,summer,mùa hè,n,
787,sun,mặt trời,n,
788,Sunday,chủ nhật,n,
789,sunglasses,kính mát,n,
790,sunny,(ngày) nắng,adj,
791,supermarket,siêu thị,n,
792,supply,cung cấp,"v, n",
793,support,hổ trợ,"v, n",
794,surprise,gây ngạc nhiên,"v, n",
795,swear,lời thề,"v, n",
796,sweater,"áo len, áo ấm",n,
797,sweet,ngọt,adj,
798,swim,bơi,v,
799,table,bàn,n,
800,tail,đuôi,n,
801,take,"lấy, chụp",v,
802,talk,nói chuyện,"v, n",
803,tall,cao,adj,
804,tape,băng (dán),n,
805,taste,"nếm, vị giác, thị hiếu","v, n",
806,taxi,taxi,n,
807,tea,trà,n,
808,teach,dạy,"v, n",
809,team,đội,n,
810,teeth,răng,n,
811,tell,"kể, nói với",v,
812,temperature,nhiệt độ,n,
813,tennis,quần vợt,n,
814,terrible,khủng khiếp,adj,
815,test,"bài thi, kiểm tra","v, n",
816,Texas,bang Texas của Mỹ,n,
817,theirs,của họ,,
818,then,"khi đó, rồi thì",,
819,theory,lý thuyết,n,
820,there,ở đó,,
821,these,những cái này,,
822,thick,dày,adj,
823,thin,mỏng,adj,
824,thing,đồ vật,n,
825,think,"suy nghĩ, nghĩ ra",v,
826,those,những cái đó,,
827,thought,ý nghĩ,n,
828,throat,cổ họng,n,
829,throw,quăng đi,v,
830,Thursday,thứ 5,n,
831,ticket,"vé, phạt","v, n",
832,tie,"cột lại, cà vạt","v, n",
833,time,"thời gian, canh giờ","v, n",
834,tiny,nhỏ,adj,
835,tip,lời khuyên,n,
836,tire,"làm mệt mỏi, bánh xe","v, n",
837,tissue,khăn giấy,n,
838,today,hôm nay,n,
839,toe,ngón chân,n,
840,tofu,đậu hủ,n,
841,together,cùng nhau,,
842,toilet,phòng vệ sinh,n,
843,tomato,cà chua,n,
844,tomorrow,ngày mai,n,
845,tonight,tối nay,n,
846,tool,dụng cụ,n,
847,toothbrush,bàn chải đánh răng,n,
848,top,đỉnh,n,
849,total,tổng cộng,,
850,touch,"chạm, đụng chạm","v, n",
851,tourist,du khách,n,
852,towel,khăn tắm,n,
853,town,"thị xã, thị trấn",n,
854,toy,đồ chơi,"v, n",
855,traffic,giao thông,n,
856,train,xe lửa,n,
857,translate,thông dịch,v,
858,trash,rác,n,
859,travel,du lịch,"v, n",
860,treat,"đối xử, chiêu đãi","v, n",
861,tree,cây,n,
862,triangle,tam giác,n,
863,trip,chuyến đi,n,
864,truck,xe tải,n,
865,true,đúng,adj,
866,truth,sự thật,n,
867,try,cố gắng,v,
868,t-shirt,áo thun,n,
869,Tuesday,thứ 3,n,
870,turn,"lần, lượt, rẽ","v, n",
871,twice,2 lần,,
872,type,"đánh (máy), loại","v, n",
873,ugly,xấu,adj,
874,umbrella,ô dù,n,
875,uncle,"chú, bác, cậu",n,
876,under,bên dưới,,
877,understand,hiểu,v,
878,underwear,nội y,n,
879,university,đại học,n,
880,universe,vũ trụ,n,
881,unmarried,chưa có gia đình,adj,
882,unoccupied,vô chủ,adj,
883,until,cho tới khi,,
884,up,lên,,
885,upstairs,trên lầu,adj,
886,use,dùng,"v, n",
887,useful,"hữu ích, hữu dụng",adj,
888,useless,vô dụng,adj,
889,usually,thường xuyên,,
890,vacant,"trống rỗng, bỏ hoang",v,
891,vacation,kỳ nghỉ mát,n,
892,vacuum,chân không,n,
893,vegetables,"rau, thực vật",n,
894,village,làng,n,
895,visit,thăm viếng,"v, n",
896,vitamins,vitamin,n,
897,voice,giọng nói,n,
898,vote,"bỏ phiếu, bầu cử","v, n",
899,vowel,nguyên âm,n,
900,wait,chờ,v,
901,waiter,người phục vụ bàn,n,
902,waitress,nữ phục vụ bàn,n,
903,walk,đi bộ,"v, n",
904,wall,bức tường,n,
905,wallet,ví tiền,n,
906,want,muốn,v,
907,war,chiến tranh,n,
908,warm,ấm,adj,
909,wash,rửa,v,
910,watch,"xem, đồng hồ","v, n",
911,water,"tưới nước, nước","v, n",
912,weak,yếu,adj,
913,weather,thời tiết,n,
914,website,trang web,n,
915,wedding,đám cưới,n,
916,Wednesday,thứ 4,n,
917,week,tuần,n,
918,weekdays,ngày trong tuần,n,
919,weekend,cuối tuần,n,
920,well,"giỏi, cái giếng","adj, n",
921,west,phía tây,,
922,wet,ước,adj,
923,wheel,bánh xe,n,
924,white,trắng,"adj, n",
925,wide,rộng,adj,
926,wife,vợ,n,
927,win,thắng,"v, n",
928,wind,gió,n,
929,window,cửa sổ,n,
930,windy,có gió,adj,
931,wine,rượu,n,
932,winter,mùa đông,n,
933,wish,"ước, điều ước","v, n",
934,with,với,,
935,wihout,không có,,
936,woman,phụ nữ,n,
937,women,phụ nữ số nhiều,n,
938,wood,"gỗ, rừng",n,
939,word,"chữ, từ",n,
940,work,"làm việc, công việc","v, n",
941,workplace,nơi làm việc,n,
942,world,thế giới,n,
943,worse,tệ hơn,adj,
944,worst,tệ nhất,adj,
945,write,viết,v,
946,wrong,"sai, sai trái",adj,
947,yawn,ngáp,"v, n",
948,year,năm,n,
949,yellow,"vàng, màu vàng","adj, n",
950,yesterday,hôm qua,n,
951,yet,chưa,,
952,young,"trẻ trung, trẻ","adj, n",
953,zero,số không,n,
